sample_filename,DATE,PAR,PAR_factor,curve_id,sample_id,site,colony,habitat,Fo,Fm,FqFm,rETR,Fo.p,onemC,Fv.p,onemQ
C:\LIFT\DATA\Chiara Oct 2022\11_data.csv,2022-10-23,0.1,0.1,1,11,mangrove_1,3,Cryptic,1001.663,1824.944,0.45112671950481764,0.04511267195048177,1001.663,1,823.281,1
C:\LIFT\DATA\Chiara Oct 2022\11_data.csv,2022-10-23,10,10,1,11,mangrove_1,3,Cryptic,1124.1843333333334,1880.942,0.40232908120860006,4.0232908120860005,1018.3027235646897,0.8772585335945067,862.6392764353103,1.0166120976463038
C:\LIFT\DATA\Chiara Oct 2022\11_data.csv,2022-10-23,25,25,1,11,mangrove_1,3,Cryptic,1196.4226666666666,1955.0483333333334,0.38803422592280334,9.700855648070084,1039.637157358009,0.8287266821473853,915.4111759753243,1.0379111111801167
C:\LIFT\DATA\Chiara Oct 2022\11_data.csv,2022-10-23,50,50,1,11,mangrove_1,3,Cryptic,1240.593,1986.7163333333333,0.3755560473404272,18.77780236702136,1048.5248245913313,0.7952782842106423,938.191508742002,1.0467840227614786
C:\LIFT\DATA\Chiara Oct 2022\11_data.csv,2022-10-23,100,100,1,11,mangrove_1,3,Cryptic,1272.6383333333333,1982.953,0.35821054087851134,35.82105408785113,1047.4756517061783,0.7593071793370305,935.4773482938217,1.0457365917540908
C:\LIFT\DATA\Chiara Oct 2022\11_data.csv,2022-10-23,150,150,1,11,mangrove_1,3,Cryptic,1279.3093333333334,1964.2923333333333,0.3487174431097068,52.307616466456025,1042.2454006370983,0.7428938546511765,922.046932696235,1.0405150241519339
C:\LIFT\DATA\Chiara Oct 2022\11_data.csv,2022-10-23,250,250,1,11,mangrove_1,3,Cryptic,1292.6096666666665,1928.1963333333333,0.32962756731722864,82.40689182930716,1031.9948026591267,0.7092006037844178,896.2015306742067,1.0302814446167292
C:\LIFT\DATA\Chiara Oct 2022\11_data.csv,2022-10-23,500,500,1,11,mangrove_1,3,Cryptic,1299.7606666666666,1834.5176666666666,0.29149732908904485,145.74866454452243,1004.5403711747032,0.6443031669716055,829.9772954919634,1.0028725940507968
C:\LIFT\DATA\Chiara Oct 2022\11_data.csv,2022-10-23,750,750,1,11,mangrove_1,3,Cryptic,1241.4723333333334,1694.048,0.26715634189035176,200.36725641776383,960.9103707238959,0.6173133782718768,733.1376292761041,0.9593150298292895
C:\LIFT\DATA\Chiara Oct 2022\11_data.csv,2022-10-23,1000,1000,1,11,mangrove_1,3,Cryptic,1180.5143333333333,1572.453,0.24925302483868622,249.25302483868623,920.5333082317463,0.6012069762819715,651.9196917682536,0.9190050029119039
C:\LIFT\DATA\Chiara Oct 2022\11_data.csv,2022-10-23,1250,1250,1,11,mangrove_1,3,Cryptic,1126.9236666666666,1470.769,0.2337860896805232,292.23261210065397,884.7254370463039,0.5867231637189759,586.0435629536961,0.8832565813515164
C:\LIFT\DATA\Chiara Oct 2022\121_data.csv,2022-10-23,0.1,0.1,2,121,reef_4,1,Exposed,418.636,893.593,0.5315137875968141,0.053151378759681414,418.636,1,474.95699999999994,1
C:\LIFT\DATA\Chiara Oct 2022\121_data.csv,2022-10-23,10,10,2,121,reef_4,1,Exposed,524.826,847.9743333333333,0.38108268214092955,3.8108268214092957,408.34439074511926,0.7350462332726391,439.6299425882141,0.9754163300459571
C:\LIFT\DATA\Chiara Oct 2022\121_data.csv,2022-10-23,25,25,2,121,reef_4,1,Exposed,556.876,916.804,0.392589910166186,9.81474775415465,423.6609600372133,0.7298653145893749,493.1430399627867,1.012003172295773
C:\LIFT\DATA\Chiara Oct 2022\121_data.csv,2022-10-23,50,50,2,121,reef_4,1,Exposed,568.6406666666667,918.184,0.3806898544663524,19.03449272331762,423.9554099933236,0.7072503299103183,494.22859000667637,1.0127065278507426
C:\LIFT\DATA\Chiara Oct 2022\121_data.csv,2022-10-23,100,100,2,121,reef_4,1,Exposed,570.796,896.3573333333334,0.3632048528265513,36.32048528265513,419.2417180853923,0.6823531297841718,477.1156152479411,1.0014468848483942
C:\LIFT\DATA\Chiara Oct 2022\121_data.csv,2022-10-23,150,150,2,121,reef_4,1,Exposed,566.7280000000001,881.7256666666667,0.3572513294951528,53.58769942427292,416.012849447781,0.6763774906341418,465.71281721888573,0.9937340540416517
C:\LIFT\DATA\Chiara Oct 2022\121_data.csv,2022-10-23,250,250,2,121,reef_4,1,Exposed,562.777,853.377,0.34052944946957786,85.13236236739446,409.5931070027832,0.65482322496509,443.78389299721675,0.9783991510591138
C:\LIFT\DATA\Chiara Oct 2022\121_data.csv,2022-10-23,500,500,2,121,reef_4,1,Exposed,551.0463333333333,797.9993333333333,0.309465170814679,154.7325854073395,396.3902831275826,0.6149089515624263,401.6090502057507,0.9468614336263066
C:\LIFT\DATA\Chiara Oct 2022\121_data.csv,2022-10-23,750,750,2,121,reef_4,1,Exposed,530.2763333333334,740.0173333333333,0.2834271449497579,212.57035871231844,381.54075328422823,0.585089826429579,358.4765800491051,0.9113902131785805
C:\LIFT\DATA\Chiara Oct 2022\121_data.csv,2022-10-23,1000,1000,2,121,reef_4,1,Exposed,499.3806666666667,673.3306666666667,0.2583426072974547,258.34260729745466,363.0045118080606,0.5605392819024774,310.3261548586061,0.8671125077825619
C:\LIFT\DATA\Chiara Oct 2022\121_data.csv,2022-10-23,1250,1250,2,121,reef_4,1,Exposed,465.721,607.5193333333333,0.23340546638296278,291.75683297870347,342.974289049017,0.5360082768397558,264.5450442843163,0.8192661143547542
C:\LIFT\DATA\Chiara Oct 2022\122_data.csv,2022-10-23,0.1,0.1,3,122,reef_4,1,Exposed,284.299,523.335,0.4567552332635884,0.045675523326358845,284.299,1,239.03600000000006,1
C:\LIFT\DATA\Chiara Oct 2022\122_data.csv,2022-10-23,10,10,3,122,reef_4,1,Exposed,349.52433333333335,512.958,0.31861023059717686,3.186102305971769,281.20860377417625,0.705217227437399,231.74939622582372,0.9891297675129929
C:\LIFT\DATA\Chiara Oct 2022\122_data.csv,2022-10-23,25,25,3,122,reef_4,1,Exposed,375.3363333333333,541.9856666666667,0.30747922608039463,7.686980652009866,289.7149292899386,0.6605971626604789,252.2707373767281,1.0190501172706854
C:\LIFT\DATA\Chiara Oct 2022\122_data.csv,2022-10-23,50,50,3,122,reef_4,1,Exposed,393.1976666666667,580.0873333333334,0.3221750518025447,16.108752590127235,300.2570221655252,0.6678678442186093,279.8303111678082,1.0561311230976023
C:\LIFT\DATA\Chiara Oct 2022\122_data.csv,2022-10-23,100,100,3,122,reef_4,1,Exposed,404.5536666666667,579.2263333333333,0.30156202612795563,30.156202612795564,300.0261807133228,0.6256180916361994,279.2001526200105,1.0553191559355566
C:\LIFT\DATA\Chiara Oct 2022\122_data.csv,2022-10-23,150,150,3,122,reef_4,1,Exposed,407.937,580.4283333333333,0.29717938189325693,44.57690728398854,300.3483558177398,0.6158645643411971,280.0799775155935,1.0564523822375027
C:\LIFT\DATA\Chiara Oct 2022\122_data.csv,2022-10-23,250,250,3,122,reef_4,1,Exposed,410.75166666666667,576.6723333333333,0.28772087210703706,71.93021802675926,299.33948136640464,0.5982726730349721,277.3328519669287,1.0529037434757231
C:\LIFT\DATA\Chiara Oct 2022\122_data.csv,2022-10-23,500,500,3,122,reef_4,1,Exposed,400.95366666666666,549.1933333333334,0.26992255307784757,134.96127653892378,291.7617550481195,0.575841035719514,257.4315782852139,1.026249670410798
C:\LIFT\DATA\Chiara Oct 2022\122_data.csv,2022-10-23,750,750,3,122,reef_4,1,Exposed,393.683,529.845,0.2569845898328757,192.73844237465678,286.20934368588206,0.5588755031178491,243.63565631411797,1.00671948788382
C:\LIFT\DATA\Chiara Oct 2022\122_data.csv,2022-10-23,1000,1000,3,122,reef_4,1,Exposed,382.18,488.7823333333333,0.21809776267145495,218.09776267145494,273.78492307788633,0.4958307786436815,214.997410255447,0.9630175381478174
C:\LIFT\DATA\Chiara Oct 2022\122_data.csv,2022-10-23,1250,1250,3,122,reef_4,1,Exposed,366.8073333333333,461.27433333333335,0.20479570002811062,255.99462503513828,264.935126319629,0.4811418026833851,196.33920701370437,0.9318890545504167
C:\LIFT\DATA\Chiara Oct 2022\123_data.csv,2022-10-23,0.1,0.1,4,123,reef_4,1,Cryptic,425.488,795.148,0.4648945856620403,0.04648945856620403,425.488,1,369.66,1
C:\LIFT\DATA\Chiara Oct 2022\123_data.csv,2022-10-23,10,10,4,123,reef_4,1,Cryptic,506.82766666666663,869.5323333333333,0.4171261409868984,4.1712614098689835,445.89935955811814,0.8561766649900161,423.6329737752152,1.0479716456354071
C:\LIFT\DATA\Chiara Oct 2022\123_data.csv,2022-10-23,25,25,4,123,reef_4,1,Cryptic,540.6813333333333,899.3716666666667,0.39882325253000706,9.970581313250177,453.6171049955258,0.8046812398029032,445.7545616711409,1.0661102193141185
C:\LIFT\DATA\Chiara Oct 2022\123_data.csv,2022-10-23,50,50,4,123,reef_4,1,Cryptic,562.4646666666667,911.5423333333333,0.3829527756436252,19.147638782181257,456.69257643579726,0.7674570808780343,454.84975689753605,1.0733383231390714
C:\LIFT\DATA\Chiara Oct 2022\123_data.csv,2022-10-23,100,100,4,123,reef_4,1,Cryptic,576.3956666666667,909.364,0.3661551736525015,36.61551736525015,456.1451361701455,0.7346744804919129,453.2188638298545,1.0720517057358738
C:\LIFT\DATA\Chiara Oct 2022\123_data.csv,2022-10-23,150,150,4,123,reef_4,1,Cryptic,580.3183333333334,898.2873333333333,0.35397248541854825,53.09587281278224,453.3410962493813,0.7146234162668194,444.94623708395204,1.0654615318161293
C:\LIFT\DATA\Chiara Oct 2022\123_data.csv,2022-10-23,250,250,4,123,reef_4,1,Cryptic,586.26,877.742,0.3320816367451939,83.02040918629848,448.04835077266307,0.67834840129505,429.6936492273369,1.0530222962167275
C:\LIFT\DATA\Chiara Oct 2022\123_data.csv,2022-10-23,500,500,4,123,reef_4,1,Cryptic,589.965,835.5686666666667,0.2939359462178652,146.9679731089326,436.79475779560744,0.6158970313829656,398.77390887105923,1.0265736232175935
C:\LIFT\DATA\Chiara Oct 2022\123_data.csv,2022-10-23,750,750,4,123,reef_4,1,Cryptic,569.266,776.5166666666667,0.2668978987358074,200.17342405185553,420.0943919477454,0.5814750686670943,356.42227471892124,0.9873237128843713
C:\LIFT\DATA\Chiara Oct 2022\123_data.csv,2022-10-23,1000,1000,4,123,reef_4,1,Cryptic,536.25,710.8976666666666,0.24567202124262605,245.67202124262604,400.11407161975455,0.5619590913101573,310.78359504691207,0.9403651139861866
C:\LIFT\DATA\Chiara Oct 2022\123_data.csv,2022-10-23,1250,1250,4,123,reef_4,1,Cryptic,501.58133333333336,644.6716666666666,0.22195846464479324,277.44808080599154,378.2445464836813,0.537071200691045,266.42712018298533,0.88896642557177
C:\LIFT\DATA\Chiara Oct 2022\124_data.csv,2022-10-23,0.1,0.1,5,124,reef_4,1,Cryptic,474.566,815.278,0.41790898319346287,0.04179089831934629,474.566,1,340.71200000000005,1
C:\LIFT\DATA\Chiara Oct 2022\124_data.csv,2022-10-23,10,10,5,124,reef_4,1,Cryptic,507.578,804.5696666666666,0.36913107586705773,3.6913107586705776,470.91767003543845,0.8901240504036885,333.6519966312282,0.9923122811904739
C:\LIFT\DATA\Chiara Oct 2022\124_data.csv,2022-10-23,25,25,5,124,reef_4,1,Cryptic,525.7276666666667,817.0606666666667,0.35656226261452645,8.914056565363161,475.16946941685484,0.8521219684610069,341.8911972498119,1.001271623792802
C:\LIFT\DATA\Chiara Oct 2022\124_data.csv,2022-10-23,50,50,5,124,reef_4,1,Cryptic,537.4033333333333,817.2239999999999,0.3424038778433656,17.12019389216828,475.22470601809175,0.8181907728776457,341.9992939819082,1.0013880177216485
C:\LIFT\DATA\Chiara Oct 2022\124_data.csv,2022-10-23,100,100,5,124,reef_4,1,Cryptic,546.5606666666666,808.056,0.32361040983958217,32.36104098395822,472.1098775842755,0.7783847345906847,335.9461224157245,0.9948244871825529
C:\LIFT\DATA\Chiara Oct 2022\124_data.csv,2022-10-23,150,150,5,124,reef_4,1,Cryptic,551.4046666666667,797.9816666666667,0.30900083335247885,46.35012500287183,468.65305980377707,0.7487263324885048,329.3286068628896,0.9875403206377557
C:\LIFT\DATA\Chiara Oct 2022\124_data.csv,2022-10-23,250,250,5,124,reef_4,1,Cryptic,562.1026666666667,788.7856666666667,0.2873822504381207,71.84556260953018,465.4660273613686,0.7011111372234092,323.31963930529804,0.9808246426447924
C:\LIFT\DATA\Chiara Oct 2022\124_data.csv,2022-10-23,500,500,5,124,reef_4,1,Cryptic,573.4286666666667,758.852,0.2443471629953315,122.17358149766575,454.8777214392145,0.6099967872651907,303.9742785607855,0.9585130865658614
C:\LIFT\DATA\Chiara Oct 2022\124_data.csv,2022-10-23,750,750,5,124,reef_4,1,Cryptic,558.1236666666666,716.0923333333334,0.22059818170561815,165.44863627921362,439.15874000111313,0.570420745153736,276.93359333222025,0.9253902302337569
C:\LIFT\DATA\Chiara Oct 2022\124_data.csv,2022-10-23,1000,1000,5,124,reef_4,1,Cryptic,541.3823333333333,680.3756666666667,0.20428910107014409,204.28910107014408,425.4614433043715,0.5452553078444351,254.91422336229516,0.8965274446639068
C:\LIFT\DATA\Chiara Oct 2022\124_data.csv,2022-10-23,1250,1250,5,124,reef_4,1,Cryptic,532.1916666666667,650.9366666666667,0.18242174097838498,228.02717622298124,413.75987358367263,0.5006602815413232,237.1767930829941,0.8718700319527158
C:\LIFT\DATA\Chiara Oct 2022\125_data.csv,2022-10-23,0.1,0.1,6,125,reef_4,2,Exposed,625.305,1318.422,0.5257171072691446,0.05257171072691446,625.305,1,693.1170000000001,1
C:\LIFT\DATA\Chiara Oct 2022\125_data.csv,2022-10-23,10,10,6,125,reef_4,2,Exposed,742.1496666666667,1457.1213333333333,0.4906740779308243,4.906740779308243,654.86952441699,0.8912060511679344,802.2518089163433,1.0472801663460074
C:\LIFT\DATA\Chiara Oct 2022\125_data.csv,2022-10-23,25,25,6,125,reef_4,2,Exposed,809.8473333333334,1552.1106666666667,0.47822835656907625,11.955708914226907,673.3911291007616,0.844710173839355,878.71953756590506,1.0769002792249571
C:\LIFT\DATA\Chiara Oct 2022\125_data.csv,2022-10-23,50,50,6,125,reef_4,2,Exposed,841.4286666666667,1573.0056666666667,0.4650822406446088,23.254112032230438,677.2944505030921,0.8167554305431401,895.7112161635746,1.0831425472418936
C:\LIFT\DATA\Chiara Oct 2022\125_data.csv,2022-10-23,100,100,6,125,reef_4,2,Exposed,853.3426666666667,1550.6023333333333,0.44967020342847414,44.96702034284741,673.107058854312,0.7946021898301816,877.4952744790213,1.0764459885244995
C:\LIFT\DATA\Chiara Oct 2022\125_data.csv,2022-10-23,150,150,6,125,reef_4,2,Exposed,854.1133333333333,1527.8053333333335,0.44095408315544565,66.14311247331685,668.7752074153051,0.7842472337975794,859.0301259180284,1.0695184068819297
C:\LIFT\DATA\Chiara Oct 2022\125_data.csv,2022-10-23,250,250,6,125,reef_4,2,Exposed,859.5743333333334,1484.0510000000002,0.42079191797766163,105.1979794944154,660.2541105586879,0.7580468859140489,823.7968894413123,1.0558913019385545
C:\LIFT\DATA\Chiara Oct 2022\125_data.csv,2022-10-23,500,500,6,125,reef_4,2,Exposed,882.7913333333333,1426.6413333333335,0.3812100401782836,190.6050200891418,648.6413061306371,0.6990359652754974,778.0000272026964,1.0373198777086976
C:\LIFT\DATA\Chiara Oct 2022\125_data.csv,2022-10-23,750,750,6,125,reef_4,2,Exposed,884.927,1366.696,0.35250633644936397,264.379752337023,635.9588814425769,0.6592918133830112,730.7371185574231,1.0170378958149655
C:\LIFT\DATA\Chiara Oct 2022\125_data.csv,2022-10-23,1000,1000,6,125,reef_4,2,Exposed,870.813,1299.1136666666666,0.3296868300720927,329.68683007209273,620.9280020629211,0.6315389561012275,678.1856646037455,0.9930002191937071
C:\LIFT\DATA\Chiara Oct 2022\125_data.csv,2022-10-23,1250,1250,6,125,reef_4,2,Exposed,847.9153333333334,1228.3643333333332,0.30971999892540014,387.1499986567502,604.2924798744372,0.6096237122238005,624.071853458896,0.9663963663723095
C:\LIFT\DATA\Chiara Oct 2022\126_data.csv,2022-10-23,0.1,0.1,7,126,reef_4,2,Exposed,505.477,1063.083,0.5245178410340492,0.052451784103404925,505.477,1,557.6060000000001,1
C:\LIFT\DATA\Chiara Oct 2022\126_data.csv,2022-10-23,10,10,7,126,reef_4,2,Exposed,598.5566666666667,1106.721,0.4591620953549569,4.591620953549569,515.1348814817259,0.8589862361985697,591.5861185182741,1.0191064706835837
C:\LIFT\DATA\Chiara Oct 2022\126_data.csv,2022-10-23,25,25,7,126,reef_4,2,Exposed,633.657,1133.7533333333333,0.44109800485702355,11.02745012142559,520.916048309959,0.8160344443048354,612.8372850233743,1.0305435228703959
C:\LIFT\DATA\Chiara Oct 2022\126_data.csv,2022-10-23,50,50,7,126,reef_4,2,Exposed,647.0843333333333,1126.6226666666666,0.42564236236444736,21.282118118222368,519.4055945517362,0.7897313092056296,607.2170721149305,1.0275553478234152
C:\LIFT\DATA\Chiara Oct 2022\126_data.csv,2022-10-23,100,100,7,126,reef_4,2,Exposed,655.109,1108.4676666666667,0.40899584200772054,40.899584200772054,515.5129838681061,0.7645755735108719,592.9546827985606,1.0198544817431971
C:\LIFT\DATA\Chiara Oct 2022\126_data.csv,2022-10-23,150,150,7,126,reef_4,2,Exposed,655.8546666666667,1090.668,0.3986669942946279,59.80004914419418,511.629766686783,0.7509233558643635,579.0382333132169,1.0121721991045745
C:\LIFT\DATA\Chiara Oct 2022\126_data.csv,2022-10-23,250,250,7,126,reef_4,2,Exposed,660.957,1064.3396666666665,0.3789980579507982,94.74951448769956,505.76093527767216,0.7221590153702984,558.5787313889944,1.0005617175018293
C:\LIFT\DATA\Chiara Oct 2022\126_data.csv,2022-10-23,500,500,7,126,reef_4,2,Exposed,676.849,1009.4576666666667,0.3294924370280675,164.74621851403376,493.02371492905013,0.644048799556181,516.4339517376166,0.9753633002669762
C:\LIFT\DATA\Chiara Oct 2022\126_data.csv,2022-10-23,750,750,7,126,reef_4,2,Exposed,660.0516666666666,921.32,0.2835804425534379,212.68533191507842,471.0164135813698,0.5802048689224565,450.30358641863023,0.9318256094369669
C:\LIFT\DATA\Chiara Oct 2022\126_data.csv,2022-10-23,1000,1000,7,126,reef_4,2,Exposed,632.9016666666666,867.4203333333332,0.2703633494103781,270.3633494103781,456.5141347047669,0.5707352856914599,410.90619862856636,0.9031353250588395
C:\LIFT\DATA\Chiara Oct 2022\126_data.csv,2022-10-23,1250,1250,7,126,reef_4,2,Exposed,604.886,816.8856666666667,0.2595218343489114,324.40229293613925,442.1197637916756,0.565685578758168,374.76590287499107,0.8746585181752595
C:\LIFT\DATA\Chiara Oct 2022\127_data.csv,2022-10-23,0.1,0.1,8,127,reef_4,2,Cryptic,643.519,1256.733,0.487942944125761,0.0487942944125761,643.519,1,613.2139999999999,1
C:\LIFT\DATA\Chiara Oct 2022\127_data.csv,2022-10-23,10,10,8,127,reef_4,2,Cryptic,770.837,1430.95,0.4613110171564346,4.613110171564346,686.3049897992796,0.8864801226856611,744.6450102007204,1.0664875315247564
C:\LIFT\DATA\Chiara Oct 2022\127_data.csv,2022-10-23,25,25,8,127,reef_4,2,Cryptic,838.0553333333334,1530.3766666666668,0.45238623171201864,11.309655792800466,708.3780389568076,0.8422414709647205,821.9986277098592,1.1007880714583524
C:\LIFT\DATA\Chiara Oct 2022\127_data.csv,2022-10-23,50,50,8,127,reef_4,2,Cryptic,865.0559999999999,1538.934,0.4378862251402595,21.894311257012973,710.2060110097298,0.8131473884706841,828.7279889902702,1.1036286589979933
C:\LIFT\DATA\Chiara Oct 2022\127_data.csv,2022-10-23,100,100,8,127,reef_4,2,Cryptic,874.5326666666666,1500.2649999999999,0.417081204542753,41.7081204542753,701.8575145630801,0.7837255345757538,798.4074854369197,1.0906554655932152
C:\LIFT\DATA\Chiara Oct 2022\127_data.csv,2022-10-23,150,150,8,127,reef_4,2,Cryptic,870.389,1456.9466666666667,0.4025937806005253,60.3890670900788,692.229009641279,0.7670251383344137,764.7176570253877,1.0756931957584455
C:\LIFT\DATA\Chiara Oct 2022\127_data.csv,2022-10-23,250,250,8,127,reef_4,2,Cryptic,879.3093333333334,1414.838,0.37850882338943864,94.62720584735966,682.5768943915538,0.7313356705210885,732.2611056084462,1.0606942365206837
C:\LIFT\DATA\Chiara Oct 2022\127_data.csv,2022-10-23,500,500,8,127,reef_4,2,Cryptic,908.566,1369.7413333333334,0.33668790019721484,168.34395009860742,671.904586308412,0.6608642140148916,697.8367470249214,1.044109942843043
C:\LIFT\DATA\Chiara Oct 2022\127_data.csv,2022-10-23,750,750,8,127,reef_4,2,Cryptic,923.655,1332.82,0.30699194189763057,230.24395642322293,662.8967433748838,0.6107639881935992,669.9232566251161,1.030112154225258
C:\LIFT\DATA\Chiara Oct 2022\127_data.csv,2022-10-23,1000,1000,8,127,reef_4,2,Cryptic,905.392,1265.059,0.28430847889307925,284.30847889307927,645.6950629090446,0.5807038131559503,619.3639370909553,1.0033815052998354
C:\LIFT\DATA\Chiara Oct 2022\127_data.csv,2022-10-23,1250,1250,8,127,reef_4,2,Cryptic,871.2286666666666,1183.8126666666667,0.26404853470622325,330.06066838277906,623.8420113285057,0.5582149654096312,559.970655338161,0.9694228318487967
C:\LIFT\DATA\Chiara Oct 2022\128_data.csv,2022-10-23,0.1,0.1,9,128,reef_4,2,Cryptic,779.479,1581.392,0.5070931179618968,0.050709311796189684,779.479,1,801.913,1
C:\LIFT\DATA\Chiara Oct 2022\128_data.csv,2022-10-23,10,10,9,128,reef_4,2,Cryptic,901.0036666666667,1687.9196666666667,0.46620465152468743,4.662046515246875,804.5057630955471,0.8907670536075607,883.4139035711196,1.0321070395681564
C:\LIFT\DATA\Chiara Oct 2022\128_data.csv,2022-10-23,25,25,9,128,reef_4,2,Cryptic,947.4830000000001,1725.8156666666666,0.45099409033062043,11.274852258265511,813.0146890221566,0.8526860572335933,912.80097764451,1.04302321040356
C:\LIFT\DATA\Chiara Oct 2022\128_data.csv,2022-10-23,50,50,9,128,reef_4,2,Cryptic,966.3753333333333,1712.148,0.43557722034933116,21.778861017466557,809.9687212172671,0.8266346658647513,902.1792787827328,1.039115513332966
C:\LIFT\DATA\Chiara Oct 2022\128_data.csv,2022-10-23,100,100,9,128,reef_4,2,Cryptic,981.2726666666667,1682.0553333333332,0.4166228380120669,41.66228380120669,803.1711240017934,0.797354940760247,878.8842093315399,1.0303948201321567
C:\LIFT\DATA\Chiara Oct 2022\128_data.csv,2022-10-23,150,150,9,128,reef_4,2,Cryptic,985.7126666666667,1652.0516666666667,0.40334029101188323,60.50104365178249,796.265917964885,0.7786282968731713,855.7857487017817,1.0215360746920508
C:\LIFT\DATA\Chiara Oct 2022\128_data.csv,2022-10-23,250,250,9,128,reef_4,2,Cryptic,1000.9566666666667,1600.6963333333333,0.3746742303193464,93.6685575798366,784.1402725687452,0.7344745761914939,816.5560607645881,1.005979984795928
C:\LIFT\DATA\Chiara Oct 2022\128_data.csv,2022-10-23,500,500,9,128,reef_4,2,Cryptic,1047.6916666666666,1545.2493333333334,0.32199183389606173,160.99591694803087,770.5949161496985,0.6422963009435971,774.6544171836349,0.9886025359883954
C:\LIFT\DATA\Chiara Oct 2022\128_data.csv,2022-10-23,750,750,9,128,reef_4,2,Cryptic,1043.7346666666667,1467.3663333333334,0.28870204872720945,216.52653654540708,750.7242627521057,0.5911342412860063,716.6420705812277,0.9631103118263685
C:\LIFT\DATA\Chiara Oct 2022\128_data.csv,2022-10-23,1000,1000,9,128,reef_4,2,Cryptic,1016.1343333333334,1384.3973333333333,0.2660096138102933,266.00961381029333,728.3905310511725,0.56137070335073,656.0068022821608,0.934458184314359
C:\LIFT\DATA\Chiara Oct 2022\128_data.csv,2022-10-23,1250,1250,9,128,reef_4,2,Cryptic,976.3673333333334,1298.5953333333334,0.2481358062275495,310.16975778443685,703.9196176880637,0.5418549833506442,594.6757156452697,0.9030642489253251
C:\LIFT\DATA\Chiara Oct 2022\129_data.csv,2022-10-23,0.1,0.1,10,129,reef_4,3,Exposed,305.711,621.299,0.5079486688373874,0.05079486688373874,305.711,1,315.58799999999997,1
C:\LIFT\DATA\Chiara Oct 2022\129_data.csv,2022-10-23,10,10,10,129,reef_4,3,Exposed,351.6086666666667,645.9046666666667,0.45563380354376337,4.5563380354376335,311.55090993122576,0.8801934898935895,334.3537567354409,1.0191027144303793
C:\LIFT\DATA\Chiara Oct 2022\129_data.csv,2022-10-23,25,25,10,129,reef_4,3,Exposed,371.316,665.812,0.44231104275681427,11.057776068920356,316.1098097132316,0.8421337017034485,349.7021902867684,1.0340151637109285
C:\LIFT\DATA\Chiara Oct 2022\129_data.csv,2022-10-23,50,50,10,129,reef_4,3,Exposed,380.1566666666667,667.9056666666667,0.4308228157968415,21.541140789842075,316.58096445197145,0.8190400452518024,351.3247022146952,1.0355563406353432
C:\LIFT\DATA\Chiara Oct 2022\129_data.csv,2022-10-23,100,100,10,129,reef_4,3,Exposed,387.0246666666667,657.698,0.4115465355426553,41.15465355426553,314.2690527424708,0.7881494425406191,343.42894725752916,1.0279939313353816
C:\LIFT\DATA\Chiara Oct 2022\129_data.csv,2022-10-23,150,150,10,129,reef_4,3,Exposed,388.18466666666666,645.177,0.39832841736970376,59.74926260545556,311.38151241835897,0.7699095490932217,333.79548758164105,1.0185486044609418
C:\LIFT\DATA\Chiara Oct 2022\129_data.csv,2022-10-23,250,250,10,129,reef_4,3,Exposed,396.21166666666664,624.8093333333334,0.36586788076149107,91.46697019037276,306.5584704838788,0.7182939415149444,318.25086284945456,1.0027721295075376
C:\LIFT\DATA\Chiara Oct 2022\129_data.csv,2022-10-23,500,500,10,129,reef_4,3,Exposed,423.52333333333337,611.3313333333333,0.3072114739742877,153.60573698714387,303.2778551653008,0.6096603781813403,308.0534781680325,0.9920410294863478
C:\LIFT\DATA\Chiara Oct 2022\129_data.csv,2022-10-23,750,750,10,129,reef_4,3,Exposed,424.163,580.788,0.269676715083645,202.25753631273375,295.5667189990626,0.549135041573161,285.22128100093744,0.9668174157915894
C:\LIFT\DATA\Chiara Oct 2022\129_data.csv,2022-10-23,1000,1000,10,129,reef_4,3,Exposed,410.231,540.939,0.24163168120619882,241.63168120619883,284.8865298368802,0.5104734975481067,256.0524701631198,0.9318818421217427
C:\LIFT\DATA\Chiara Oct 2022\129_data.csv,2022-10-23,1250,1250,10,129,reef_4,3,Exposed,391.059,501.514,0.22024310388144694,275.3038798518087,273.5608017629028,0.48455121864583034,227.95319823709718,0.8948346698774425
C:\LIFT\DATA\Chiara Oct 2022\131_data.csv,2022-10-23,0.1,0.1,11,131,reef_4,3,Cryptic,496.249,986.072,0.49674161724498817,0.049674161724498817,496.249,1,489.823,1
C:\LIFT\DATA\Chiara Oct 2022\131_data.csv,2022-10-23,10,10,11,131,reef_4,3,Cryptic,558.9683333333334,1051.7843333333333,0.4685523299611802,4.685523299611802,512.3586184531414,0.9135938209943437,539.4257148801919,1.0324627726265265
C:\LIFT\DATA\Chiara Oct 2022\131_data.csv,2022-10-23,25,25,11,131,reef_4,3,Cryptic,590.8786666666666,1083.9806666666666,0.45489925712082196,11.37248142802055,519.8806628253177,0.8741393310443641,564.1000038413489,1.0476205752058296
C:\LIFT\DATA\Chiara Oct 2022\131_data.csv,2022-10-23,50,50,11,131,reef_4,3,Cryptic,605.6496666666667,1084.0673333333334,0.4413172982490018,22.06586491245009,519.9005970008934,0.848007576229654,564.16673633244,1.047660744910102
C:\LIFT\DATA\Chiara Oct 2022\131_data.csv,2022-10-23,100,100,11,131,reef_4,3,Cryptic,617.082,1065.89,0.42106408728855704,42.106408728855705,515.6830040764384,0.815707548841039,550.2069959235617,1.039161799976299
C:\LIFT\DATA\Chiara Oct 2022\131_data.csv,2022-10-23,150,150,11,131,reef_4,3,Cryptic,621.9333333333334,1047.1426666666666,0.4060662857783148,60.909942866747215,511.25466001993226,0.7934667842149299,535.8880066467343,1.0302381667669502
C:\LIFT\DATA\Chiara Oct 2022\131_data.csv,2022-10-23,250,250,11,131,reef_4,3,Cryptic,651.0393333333334,1040.1606666666667,0.374097334962996,93.524333740749,509.5846189467501,0.7333940817824947,530.5760477199166,1.0268728379236032
C:\LIFT\DATA\Chiara Oct 2022\131_data.csv,2022-10-23,500,500,11,131,reef_4,3,Cryptic,707.877,1029.7736666666667,0.312589724408697,156.29486220434848,507.0788574203245,0.6158405650341159,522.6948092463422,1.02182343424435
C:\LIFT\DATA\Chiara Oct 2022\131_data.csv,2022-10-23,750,750,11,131,reef_4,3,Cryptic,704.1603333333334,971.364,0.27508088282730947,206.3106621204821,492.49611339291226,0.5579903646491707,478.86788660708777,0.9924374928572394
C:\LIFT\DATA\Chiara Oct 2022\131_data.csv,2022-10-23,1000,1000,11,131,reef_4,3,Cryptic,664.5296666666667,882.6516666666666,0.24712126905479884,247.12126905479883,468.61619942513954,0.5268196018404354,414.0354672415271,0.9443166624519936
C:\LIFT\DATA\Chiara Oct 2022\131_data.csv,2022-10-23,1250,1250,11,131,reef_4,3,Cryptic,629.0129999999999,808.289,0.22179690679942454,277.2461334992807,446.7927998507934,0.4959277578187665,361.4962001492066,0.9003399500065358
C:\LIFT\DATA\Chiara Oct 2022\1_data.csv,2022-10-23,0.1,0.1,12,1,mangrove_1,1,Exposed,611.497,1392.921,0.5609966394361202,0.05609966394361202,611.497,1,781.4240000000001,1
C:\LIFT\DATA\Chiara Oct 2022\1_data.csv,2022-10-23,10,10,12,1,mangrove_1,1,Exposed,727.5376666666667,1455.723,0.5002224553251774,5.002224553251774,623.3018643636127,0.8747799667251774,832.4211356363872,1.0193048606348238
C:\LIFT\DATA\Chiara Oct 2022\1_data.csv,2022-10-23,25,25,12,1,mangrove_1,1,Exposed,768.326,1470.1313333333333,0.47737594419002016,11.934398604750504,625.9285132993124,0.8313231331127878,844.2028200340209,1.0236003010633126
C:\LIFT\DATA\Chiara Oct 2022\1_data.csv,2022-10-23,50,50,12,1,mangrove_1,1,Exposed,787.2256666666667,1439.652,0.453183361905053,22.65916809525265,620.3368103379732,0.7963068933244893,819.3151896620268,1.014456015872479
C:\LIFT\DATA\Chiara Oct 2022\1_data.csv,2022-10-23,100,100,12,1,mangrove_1,1,Exposed,812.0093333333333,1392.562,0.4168953817974831,41.68953817974831,611.4278020966458,0.7432175780101943,781.1341979033541,0.9998868385235674
C:\LIFT\DATA\Chiara Oct 2022\1_data.csv,2022-10-23,150,150,12,1,mangrove_1,1,Exposed,816.0666666666667,1351.597,0.39622042171840666,59.433063257761,603.3980838028796,0.7157593010897152,748.1989161971204,0.9867555912831618
C:\LIFT\DATA\Chiara Oct 2022\1_data.csv,2022-10-23,250,250,12,1,mangrove_1,1,Exposed,849.2516666666667,1308.9253333333334,0.3511840247572054,87.79600618930135,594.7422240199909,0.6436355896299815,714.1831093133425,0.9726003954557277
C:\LIFT\DATA\Chiara Oct 2022\1_data.csv,2022-10-23,500,500,12,1,mangrove_1,1,Exposed,918.592,1270.063,0.2767350910939064,138.3675455469532,586.5867398530704,0.5142402457759732,683.4762601469297,0.9592634793843148
C:\LIFT\DATA\Chiara Oct 2022\1_data.csv,2022-10-23,750,750,12,1,mangrove_1,1,Exposed,882.0980000000001,1154.3619999999999,0.2358566896692717,176.89251725195376,560.6340978623673,0.4585669614309048,593.7279021376326,0.9168223194265342
C:\LIFT\DATA\Chiara Oct 2022\1_data.csv,2022-10-23,1000,1000,12,1,mangrove_1,1,Exposed,823.2026666666667,1042.9726666666668,0.21071501394411749,210.7150139441175,532.9884990275549,0.43093494650508324,509.9841676391119,0.8716126146613227
C:\LIFT\DATA\Chiara Oct 2022\1_data.csv,2022-10-23,1250,1250,12,1,mangrove_1,1,Exposed,765.6410000000001,944.3066666666666,0.18920301314544696,236.5037664318087,505.97218948066734,0.4076012177131415,438.3344771859993,0.8274320061761012
C:\LIFT\DATA\Chiara Oct 2022\2_data.csv,2022-10-23,0.1,0.1,13,2,mangrove_1,1,Exposed,861.105,1825.05,0.5281745705597106,0.052817457055971066,861.105,1,963.9449999999999,1
C:\LIFT\DATA\Chiara Oct 2022\2_data.csv,2022-10-23,10,10,13,2,mangrove_1,1,Exposed,979.35,1832.8003333333334,0.4656537418787753,4.656537418787753,862.8265119878586,0.8798694506512467,969.9738213454748,1.0019991893995026
C:\LIFT\DATA\Chiara Oct 2022\2_data.csv,2022-10-23,25,25,13,2,mangrove_1,1,Exposed,1024.0346666666667,1854.8086666666668,0.44790280255321935,11.197570063830483,867.6732839871067,0.8416008731698787,987.13538267956,1.007627738762528
C:\LIFT\DATA\Chiara Oct 2022\2_data.csv,2022-10-23,50,50,13,2,mangrove_1,1,Exposed,1046.0196666666666,1836.9986666666666,0.43058223958064934,21.529111979032468,863.7558365098785,0.8127252269329067,973.2428301567882,1.0030784126324648
C:\LIFT\DATA\Chiara Oct 2022\2_data.csv,2022-10-23,100,100,13,2,mangrove_1,1,Exposed,1073.6793333333333,1806.0620000000001,0.40551357963717016,40.55135796371702,856.8545489546577,0.7715728167326427,949.2074510453424,0.9950639573044606
C:\LIFT\DATA\Chiara Oct 2022\2_data.csv,2022-10-23,150,150,13,2,mangrove_1,1,Exposed,1070.1653333333334,1753.157,0.38957815339223273,58.43672300883491,844.7601640448869,0.7518648674602115,908.396835955113,0.9810187654756236
C:\LIFT\DATA\Chiara Oct 2022\2_data.csv,2022-10-23,250,250,13,2,mangrove_1,1,Exposed,1093.8513333333333,1705.5503333333334,0.3586519776314625,89.66299440786563,833.5490948408035,0.7014886825820034,872.0012384925299,0.9679993669074077
C:\LIFT\DATA\Chiara Oct 2022\2_data.csv,2022-10-23,500,500,13,2,mangrove_1,1,Exposed,1157.0996666666667,1666.1386666666667,0.3055201887958105,152.76009439790525,824.0228973448548,0.60447627101194,842.115769321812,0.9569366074344648
C:\LIFT\DATA\Chiara Oct 2022\2_data.csv,2022-10-23,750,750,13,2,mangrove_1,1,Exposed,1146.926,1579.582,0.27390537496628864,205.42903122471648,802.2802420652464,0.5566126611491815,777.3017579347537,0.9316868930795271
C:\LIFT\DATA\Chiara Oct 2022\2_data.csv,2022-10-23,1000,1000,13,2,mangrove_1,1,Exposed,1121.6156666666666,1501.169,0.25283851007670255,252.83851007670256,781.5455914942547,0.5274332780828421,719.6234085057454,0.9076077731452664
C:\LIFT\DATA\Chiara Oct 2022\2_data.csv,2022-10-23,1250,1250,13,2,mangrove_1,1,Exposed,1081.4553333333333,1416.2963333333335,0.23642015595135582,295.52519493919476,757.8999909218883,0.5085705652215656,658.3963424114452,0.8801481711543756
C:\LIFT\DATA\Chiara Oct 2022\3_data.csv,2022-10-23,0.1,0.1,14,3,mangrove_1,1,Cryptic,686.671,1265.817,0.4575274309003592,0.04575274309003592,686.671,1,579.146,1
C:\LIFT\DATA\Chiara Oct 2022\3_data.csv,2022-10-23,10,10,14,3,mangrove_1,1,Cryptic,759.1046666666667,1286.1613333333332,0.40979047729626444,4.097904772962645,692.6141564127861,0.8879777162805357,593.5471769205471,1.0086550275354371
C:\LIFT\DATA\Chiara Oct 2022\3_data.csv,2022-10-23,25,25,14,3,mangrove_1,1,Cryptic,787.524,1301.436,0.3948807317455487,9.872018293638718,697.0196019061433,0.8502615111382158,604.4163980938566,1.0150706843687054
C:\LIFT\DATA\Chiara Oct 2022\3_data.csv,2022-10-23,50,50,14,3,mangrove_1,1,Cryptic,814.4876666666667,1315.8353333333332,0.3810109471651214,19.050547358256072,701.1288356526348,0.8155886891683474,614.7064976806984,1.0210549675938472
C:\LIFT\DATA\Chiara Oct 2022\3_data.csv,2022-10-23,100,100,14,3,mangrove_1,1,Cryptic,837.5323333333333,1307.6983333333333,0.3595370491920282,35.95370491920282,698.8119034558135,0.772173556396348,608.8864298775197,1.0176808157848714
C:\LIFT\DATA\Chiara Oct 2022\3_data.csv,2022-10-23,150,150,14,3,mangrove_1,1,Cryptic,834.692,1276.3,0.34600642482175037,51.90096372326256,689.7442556674612,0.7528832583551293,586.5557443325388,1.004475586805706
C:\LIFT\DATA\Chiara Oct 2022\3_data.csv,2022-10-23,250,250,14,3,mangrove_1,1,Cryptic,856.2243333333333,1257.7246666666667,0.3192275256852719,79.80688142131798,684.2826306796572,0.7001585306564948,573.4420359870095,0.9965218142016445
C:\LIFT\DATA\Chiara Oct 2022\3_data.csv,2022-10-23,500,500,14,3,mangrove_1,1,Cryptic,893.882,1221.9733333333334,0.2684930385824023,134.24651929120117,673.5610840229153,0.5982567562009793,548.412249310418,0.9809080098371934
C:\LIFT\DATA\Chiara Oct 2022\3_data.csv,2022-10-23,750,750,14,3,mangrove_1,1,Cryptic,877.782,1149.487,0.2363706592593044,177.2779944444783,650.935223818789,0.5449885307423759,498.55177618121104,0.947957935923883
C:\LIFT\DATA\Chiara Oct 2022\3_data.csv,2022-10-23,1000,1000,14,3,mangrove_1,1,Cryptic,854.3910000000001,1085.5796666666668,0.2129633354100528,212.9633354100528,629.9352564163431,0.5073883525524989,455.64441025032363,0.9173756521192001
C:\LIFT\DATA\Chiara Oct 2022\3_data.csv,2022-10-23,1250,1250,14,3,mangrove_1,1,Cryptic,833.708,1031.9496666666666,0.1921040076567042,240.13000957088028,611.4946104112197,0.47149312088715895,420.45505625544695,0.8905205118771867
C:\LIFT\DATA\Chiara Oct 2022\4_data.csv,2022-10-23,0.1,0.1,15,4,mangrove_1,1,Cryptic,391.185,765.534,0.4890037542421369,0.04890037542421369,391.185,1,374.349,1
C:\LIFT\DATA\Chiara Oct 2022\4_data.csv,2022-10-23,10,10,15,4,mangrove_1,1,Cryptic,455.68933333333337,834.6136666666666,0.4540116564909672,4.540116564909672,408.46057848092875,0.8891742048533037,426.1530881857379,1.044162170024231
C:\LIFT\DATA\Chiara Oct 2022\4_data.csv,2022-10-23,25,25,15,4,mangrove_1,1,Cryptic,482.471,857.0746666666666,0.4370723826473306,10.926809566183266,413.7673613108474,0.8450202875993486,443.30730535581927,1.0577280859717202
C:\LIFT\DATA\Chiara Oct 2022\4_data.csv,2022-10-23,50,50,15,4,mangrove_1,1,Cryptic,501.02066666666667,858.211,0.41620339675596485,20.81016983779824,414.0320181788276,0.8041585665958844,444.1789818211724,1.0584046376492646
C:\LIFT\DATA\Chiara Oct 2022\4_data.csv,2022-10-23,100,100,15,4,mangrove_1,1,Cryptic,520.2986666666667,848.8166666666666,0.3870305719727463,38.70305719727463,411.8330793632096,0.7517856723801054,436.983587303457,1.0527834128691276
C:\LIFT\DATA\Chiara Oct 2022\4_data.csv,2022-10-23,150,150,15,4,mangrove_1,1,Cryptic,523.6143333333333,829.0966666666666,0.36845201001893624,55.267801502840435,407.13470953155854,0.7239570491316136,421.96195713510804,1.0407728045082467
C:\LIFT\DATA\Chiara Oct 2022\4_data.csv,2022-10-23,250,250,15,4,mangrove_1,1,Cryptic,539.231,808.5343333333333,0.33307594029196036,83.26898507299009,402.1129610113125,0.6626209930710917,406.4213723220208,1.0279355318105565
C:\LIFT\DATA\Chiara Oct 2022\4_data.csv,2022-10-23,500,500,15,4,mangrove_1,1,Cryptic,567.2446666666667,777.258,0.27019771212819077,135.09885606409537,394.2235816990804,0.5482884129967207,383.03441830091964,1.007767633470303
C:\LIFT\DATA\Chiara Oct 2022\4_data.csv,2022-10-23,750,750,15,4,mangrove_1,1,Cryptic,555.3416666666667,724.6616666666666,0.23365386605703342,175.24039954277507,380.22642342007885,0.4915873253968396,344.4352432465878,0.9719862045325837
C:\LIFT\DATA\Chiara Oct 2022\4_data.csv,2022-10-23,1000,1000,15,4,mangrove_1,1,Cryptic,531.7383333333333,668.197,0.20421921479244393,204.21921479244392,364.0835689052315,0.44870976653491873,304.1134310947685,0.930719656697551
C:\LIFT\DATA\Chiara Oct 2022\4_data.csv,2022-10-23,1250,1250,15,4,mangrove_1,1,Cryptic,509.36400000000003,619.9576666666667,0.1783890620488603,222.98632756107537,349.2753195439638,0.40857362085948473,270.6823471227029,0.8928648070451674
C:\LIFT\DATA\Chiara Oct 2022\5_data.csv,2022-10-23,0.1,0.1,16,5,mangrove_1,2,Exposed,624.267,1152.453,0.4583145690106234,0.04583145690106234,624.267,1,528.1859999999999,1
C:\LIFT\DATA\Chiara Oct 2022\5_data.csv,2022-10-23,10,10,16,5,mangrove_1,2,Exposed,716.145,1213.835,0.4100145406912801,4.100145406912802,641.8487139302257,0.8701082737834887,571.9862860697743,1.028163772761055
C:\LIFT\DATA\Chiara Oct 2022\5_data.csv,2022-10-23,25,25,16,5,mangrove_1,2,Exposed,776.849,1283.968,0.39496233550991927,9.874058387747981,660.9385554481892,0.8139567149427529,623.0294445518109,1.058743382956634
C:\LIFT\DATA\Chiara Oct 2022\5_data.csv,2022-10-23,50,50,16,5,mangrove_1,2,Exposed,818.761,1317.3310000000001,0.3784697999212044,18.92348999606022,669.6690184779505,0.7697997014250039,647.6619815220496,1.0727285255795205
C:\LIFT\DATA\Chiara Oct 2022\5_data.csv,2022-10-23,100,100,16,5,mangrove_1,2,Exposed,863.3059999999999,1350.892,0.36093632947711596,36.0936329477116,678.2346528736032,0.7248653450125468,672.6573471263969,1.0864496327270272
C:\LIFT\DATA\Chiara Oct 2022\5_data.csv,2022-10-23,150,150,16,5,mangrove_1,2,Exposed,886.7276666666667,1363.5236666666667,0.3496792990514038,52.45189485771057,681.4039427543174,0.6989916627323141,682.1197239123493,1.0915264506282045
C:\LIFT\DATA\Chiara Oct 2022\5_data.csv,2022-10-23,250,250,16,5,mangrove_1,2,Exposed,916.1753333333334,1366.3753333333334,0.32948487067731025,82.37121766932756,682.1153668019543,0.6579370736565728,684.2599665313791,1.0926660656449154
C:\LIFT\DATA\Chiara Oct 2022\5_data.csv,2022-10-23,500,500,16,5,mangrove_1,2,Exposed,937,1324.664,0.292650815603051,146.3254078015255,671.5588597511718,0.5935705847488857,653.1051402488282,1.0757558220299517
C:\LIFT\DATA\Chiara Oct 2022\5_data.csv,2022-10-23,750,750,16,5,mangrove_1,2,Exposed,925.9116666666666,1272.267,0.2722347850988302,204.17608882412264,657.8242480207565,0.563690160259281,614.4427519792436,1.053754640275325
C:\LIFT\DATA\Chiara Oct 2022\5_data.csv,2022-10-23,1000,1000,16,5,mangrove_1,2,Exposed,920.8726666666666,1246.6776666666667,0.2613386031620577,261.3386031620577,650.916103360655,0.5468714668197737,595.7615633060117,1.0426886306030192
C:\LIFT\DATA\Chiara Oct 2022\5_data.csv,2022-10-23,1250,1250,16,5,mangrove_1,2,Exposed,892.868,1192.8546666666666,0.25148635039082706,314.3579379885338,635.9343215445801,0.5386527342629301,556.9203451220865,1.0186896336737008
C:\LIFT\DATA\Chiara Oct 2022\6_data.csv,2022-10-23,0.1,0.1,17,6,mangrove_1,2,Exposed,570.59,970.6,0.41212651967854935,0.04121265196785494,570.59,1,400.01,1
C:\LIFT\DATA\Chiara Oct 2022\6_data.csv,2022-10-23,10,10,17,6,mangrove_1,2,Exposed,638.6613333333333,1001.295,0.36216466342752796,3.6216466342752796,581.0615653905194,0.8629338762720273,420.2334346094806,1.0183521712447101
C:\LIFT\DATA\Chiara Oct 2022\6_data.csv,2022-10-23,25,25,17,6,mangrove_1,2,Exposed,686.6366666666667,1053.6363333333334,0.3483172087522925,8.707930218807313,598.3096205210516,0.8060139155902548,455.3267128122818,1.048580627983406
C:\LIFT\DATA\Chiara Oct 2022\6_data.csv,2022-10-23,50,50,17,6,mangrove_1,2,Exposed,726.7626666666666,1095.954,0.33686754492737225,16.84337724636861,611.7224074036095,0.7624271918190522,484.23159259639044,1.0720875013645688
C:\LIFT\DATA\Chiara Oct 2022\6_data.csv,2022-10-23,100,100,17,6,mangrove_1,2,Exposed,767.89,1140.2626666666667,0.32656744586335085,32.65674458633509,625.2843977615497,0.7230842331626136,514.978268905117,1.0958558645639598
C:\LIFT\DATA\Chiara Oct 2022\6_data.csv,2022-10-23,150,150,17,6,mangrove_1,2,Exposed,796.8686666666667,1174.3906666666667,0.3214620234266166,48.21930351399249,635.4100975244023,0.700437124478884,538.9805691422644,1.1136018814287008
C:\LIFT\DATA\Chiara Oct 2022\6_data.csv,2022-10-23,250,250,17,6,mangrove_1,2,Exposed,833.456,1198.0593333333334,0.3043282775644389,76.08206939110973,642.2753776208624,0.6560162983941139,555.783955712471,1.1256337784063206
C:\LIFT\DATA\Chiara Oct 2022\6_data.csv,2022-10-23,500,500,17,6,mangrove_1,2,Exposed,890.5093333333333,1217.9506666666666,0.2688461382672314,134.4230691336157,647.9484404446025,0.5744562359055896,570.0022262220641,1.135576228893956
C:\LIFT\DATA\Chiara Oct 2022\6_data.csv,2022-10-23,750,750,17,6,mangrove_1,2,Exposed,901.0116666666667,1191.863,0.24403084358968555,183.02313269226417,640.4902719932961,0.5275040250626923,551.3727280067039,1.1225052524462331
C:\LIFT\DATA\Chiara Oct 2022\6_data.csv,2022-10-23,1000,1000,17,6,mangrove_1,2,Exposed,887.606,1151.5873333333334,0.22923257810523565,229.23257810523563,628.6746121116254,0.5048286695274503,522.912721221708,1.1017974589663775
C:\LIFT\DATA\Chiara Oct 2022\6_data.csv,2022-10-23,1250,1250,17,6,mangrove_1,2,Exposed,868.3313333333333,1103.6603333333333,0.21322592911285201,266.532411391065,614.115859459866,0.4807101551734103,489.54447387346727,1.076282198180595
C:\LIFT\DATA\Chiara Oct 2022\7_data.csv,2022-10-23,0.1,0.1,18,7,mangrove_1,2,Cryptic,332.832,410.682,0.18956272736569907,0.01895627273656991,332.832,1,77.85000000000002,1
C:\LIFT\DATA\Chiara Oct 2022\7_data.csv,2022-10-23,10,10,18,7,mangrove_1,2,Cryptic,351.78866666666664,417.4456666666667,0.1572827441814784,1.5728274418147838,337.26060824474837,0.818818384524029,80.18505842191831,1.0133058367126606
C:\LIFT\DATA\Chiara Oct 2022\7_data.csv,2022-10-23,25,25,18,7,mangrove_1,2,Cryptic,365.301,435.2,0.16061351102941177,4.015337775735294,348.75542675216667,0.8085990522459081,86.44457324783332,1.0478422349779066
C:\LIFT\DATA\Chiara Oct 2022\7_data.csv,2022-10-23,50,50,18,7,mangrove_1,2,Cryptic,379.49066666666664,456.18766666666664,0.168125983239354,8.406299161967699,362.1056333635071,0.8152140988796454,94.08203330315956,1.0879531816757615
C:\LIFT\DATA\Chiara Oct 2022\7_data.csv,2022-10-23,100,100,18,7,mangrove_1,2,Cryptic,397.19533333333334,480.6073333333333,0.1735554042038476,17.35554042038476,377.3235423673155,0.8076001008468404,103.28379096601782,1.1336756753176245
C:\LIFT\DATA\Chiara Oct 2022\7_data.csv,2022-10-23,150,150,18,7,mangrove_1,2,Cryptic,413.89433333333335,504.47066666666666,0.17954727463506298,26.932091195259446,391.877079621337,0.804453750077859,112.59358704532968,1.1774020515495414
C:\LIFT\DATA\Chiara Oct 2022\7_data.csv,2022-10-23,250,250,18,7,mangrove_1,2,Cryptic,430.277,525.5686666666667,0.1813115444477284,45.3278861119321,404.49053665827967,0.7870262504059642,121.078130008387,1.215299420302975
C:\LIFT\DATA\Chiara Oct 2022\7_data.csv,2022-10-23,500,500,18,7,mangrove_1,2,Cryptic,439.70533333333333,530.4533333333334,0.17107631208526047,85.53815604263023,407.37765009665367,0.7373349276923195,123.07568323667971,1.2239738068955324
C:\LIFT\DATA\Chiara Oct 2022\7_data.csv,2022-10-23,750,750,18,7,mangrove_1,2,Cryptic,437.49733333333336,524.2436666666666,0.16546949223993157,124.10211917994867,403.705254035489,0.7196571735083235,120.53841263117761,1.2129400239024168
C:\LIFT\DATA\Chiara Oct 2022\7_data.csv,2022-10-23,1000,1000,18,7,mangrove_1,2,Cryptic,435.2866666666667,519.578,0.1622303741369598,162.2303741369598,400.93279115330847,0.7104486911245704,118.6452088466915,1.2046101070609454
C:\LIFT\DATA\Chiara Oct 2022\7_data.csv,2022-10-23,1250,1250,18,7,mangrove_1,2,Cryptic,432.5656666666667,514.152,0.15868134974352593,198.3516871794074,397.6941836120528,0.7005655426472269,116.45781638794722,1.1948796498295025
C:\LIFT\DATA\Chiara Oct 2022\8_data.csv,2022-10-23,0.1,0.1,19,8,mangrove_1,2,Cryptic,281.748,371.833,0.2422727407196242,0.024227274071962422,281.748,1,90.08500000000004,1
C:\LIFT\DATA\Chiara Oct 2022\8_data.csv,2022-10-23,10,10,19,8,mangrove_1,2,Cryptic,300.93466666666666,383.3326666666667,0.21495167817683167,2.1495167817683165,288.30143717246415,0.8670623377026474,95.03122949420253,1.0232599243737819
C:\LIFT\DATA\Chiara Oct 2022\8_data.csv,2022-10-23,25,25,19,8,mangrove_1,2,Cryptic,321.17533333333336,411.64233333333334,0.21977088524260943,5.494272131065236,304.02668145091417,0.8406490916288293,107.61565188241917,1.0790730775406183
C:\LIFT\DATA\Chiara Oct 2022\8_data.csv,2022-10-23,50,50,19,8,mangrove_1,2,Cryptic,339.0006666666667,437.0303333333333,0.2243086101574947,11.215430507874736,317.6557211838451,0.8211935930221735,119.3746121494882,1.1274462327464447
C:\LIFT\DATA\Chiara Oct 2022\8_data.csv,2022-10-23,100,100,19,8,mangrove_1,2,Cryptic,357.04266666666666,460.4806666666667,0.22463049480180863,22.463049480180864,329.8658450509225,0.7919315642776309,130.61482161574423,1.170783271046902
C:\LIFT\DATA\Chiara Oct 2022\8_data.csv,2022-10-23,150,150,19,8,mangrove_1,2,Cryptic,372.66966666666667,483.757,0.22963457548590166,34.44518632288525,341.6414663946496,0.7816691850295463,142.11553360535038,1.2125781421506086
C:\LIFT\DATA\Chiara Oct 2022\8_data.csv,2022-10-23,250,250,19,8,mangrove_1,2,Cryptic,388.851,501.9193333333333,0.2252719228455037,56.317980711375924,350.6011858878105,0.7472225588410664,151.3181474455228,1.2443786145343023
C:\LIFT\DATA\Chiara Oct 2022\8_data.csv,2022-10-23,500,500,19,8,mangrove_1,2,Cryptic,399.586,502.5443333333333,0.20487413050788883,102.43706525394441,350.9060286744054,0.6789731233471126,151.63830465892795,1.2454605841901463
C:\LIFT\DATA\Chiara Oct 2022\8_data.csv,2022-10-23,750,750,19,8,mangrove_1,2,Cryptic,403.15133333333335,499.778,0.1933391759274451,145.00438194558382,349.55501618721604,0.6432215910921331,150.22298381278398,1.2406654747760986
C:\LIFT\DATA\Chiara Oct 2022\8_data.csv,2022-10-23,1000,1000,19,8,mangrove_1,2,Cryptic,402.7076666666667,493.51433333333335,0.18400005943765227,184.00005943765228,346.4793118899581,0.6175852920974837,147.03502144337523,1.2297489667715766
C:\LIFT\DATA\Chiara Oct 2022\8_data.csv,2022-10-23,1250,1250,19,8,mangrove_1,2,Cryptic,399.62033333333335,482.92466666666667,0.17249964452702765,215.62455565878457,341.2261266512753,0.5878983179663302,141.69854001539136,1.211103988852717
C:\LIFT\DATA\Chiara Oct 2022\9_data.csv,2022-10-23,0.1,0.1,20,9,mangrove_1,3,Exposed,502.813,962.401,0.47754314469748055,0.04775431446974806,502.813,1,459.58799999999997,1
C:\LIFT\DATA\Chiara Oct 2022\9_data.csv,2022-10-23,10,10,20,9,mangrove_1,3,Exposed,545.3726666666666,934.494,0.41639789376211445,4.1639789376211445,495.0885082626149,0.8855631999381005,439.40549173738515,0.9846374462526126
C:\LIFT\DATA\Chiara Oct 2022\9_data.csv,2022-10-23,25,25,20,9,mangrove_1,3,Exposed,572.9523333333333,954.9596666666666,0.40002457346366116,10.000614336591529,500.77427722419844,0.8410823910523928,454.1853894424682,0.9959453658202919
C:\LIFT\DATA\Chiara Oct 2022\9_data.csv,2022-10-23,50,50,20,9,mangrove_1,3,Exposed,589.4456666666666,961.9336666666667,0.38722836397935967,19.361418198967982,502.68540656085474,0.8110820058723313,459.24826010581194,0.999746240771131
C:\LIFT\DATA\Chiara Oct 2022\9_data.csv,2022-10-23,100,100,20,9,mangrove_1,3,Exposed,610.951,973.183,0.37221365354717456,37.221365354717456,505.7404055926001,0.7749229623783417,467.4425944073999,1.005822056296476
C:\LIFT\DATA\Chiara Oct 2022\9_data.csv,2022-10-23,150,150,20,9,mangrove_1,3,Exposed,613.482,962.9536666666667,0.3629163881543626,54.437458223154394,502.9638151790416,0.7597377758149702,459.98985148762506,1.0002999428794432
C:\LIFT\DATA\Chiara Oct 2022\9_data.csv,2022-10-23,250,250,20,9,mangrove_1,3,Exposed,631.797,968.7306666666667,0.34780943585282736,86.95235896320685,504.53534369049845,0.7258445959912544,464.19532297616826,1.003425415990634
C:\LIFT\DATA\Chiara Oct 2022\9_data.csv,2022-10-23,500,500,20,9,mangrove_1,3,Exposed,654.0723333333333,960.1573333333333,0.3187862961348002,159.3931480674001,502.1998835445748,0.6683699547658576,457.95744978875854,0.998780627280072
C:\LIFT\DATA\Chiara Oct 2022\9_data.csv,2022-10-23,750,750,20,9,mangrove_1,3,Exposed,648.5996666666666,927.3316666666667,0.3005742282067366,225.43067115505247,493.07090790428737,0.6418539883602926,434.26075876237934,0.9806248205680588
C:\LIFT\DATA\Chiara Oct 2022\9_data.csv,2022-10-23,1000,1000,20,9,mangrove_1,3,Exposed,626.1096666666666,877.7903333333334,0.2867207089316318,286.7207089316318,478.7054473115418,0.6306444455351387,399.0848860217916,0.9520546352451943
C:\LIFT\DATA\Chiara Oct 2022\9_data.csv,2022-10-23,1250,1250,20,9,mangrove_1,3,Exposed,599.5063333333334,827.9366666666666,0.2759031487915741,344.87893598946766,463.4854807422614,0.6267789546463829,364.4511859244052,0.9217849990797001
